Workbook

Sheet Rohdaten
A1: Lebensmittel | B1: Quelle/Kategorie | C1: CO2e Deutschland/Saison je kg (kg) — Basis | D1: CO2e global je kg (kg) — Referenz (Poore & Nemecek) | E1: Saison/Verfügbarkeit (Deutschland) | F1: Hinweis Standort-/Saisonanpassung | G1: Kalorien je 100g (kcal) | H1: Fett je 100g (g) | I1: Eiweiß je 100g (g) | J1: Kohlenhydrate je 100g (g) | K1: Vitamin A je 100g (µg) | L1: Vitamin C je 100g (mg) | M1: Vitamin D je 100g (µg) | N1: Vitamin E je 100g (mg) | O1: Vitamin K je 100g (µg) | P1: Vitamin B1 je 100g (mg) | Q1: Vitamin B2 je 100g (mg) | R1: Niacin je 100g (mg) | S1: Vitamin B6 je 100g (mg) | T1: Folat je 100g (µg) | U1: Vitamin B12 je 100g (µg) | V1: Calcium je 100g (mg) | W1: Eisen je 100g (mg) | X1: Magnesium je 100g (mg) | Y1: Zink je 100g (mg) | Z1: Kalium je 100g (mg) | AA1: Zucker je 100g (g)
A2: Aubergine | B2: ifeu-Studie / HLNUG-Quellenliste (ifeu 2020), 2020 | C2: 0.2 | E2: ganzjährig | F2: ifeu-Studie / HLNUG-Quellenliste (ifeu 2020), 2020 | G2: 25 | H2: 0.2 | I2: 1 | J2: 6 | K2: 1 | L2: 2.2 | M2: 0 | N2: 0.3 | O2: 3.5 | P2: 0.04 | Q2: 0.04 | R2: 0.6 | S2: 0.08 | T2: 22 | U2: 0 | V2: 9 | W2: 0.2 | X2: 14 | Y2: 0.2 | Z2: 230 | AA2: 2.1
A3: Blumenkohl | B3: ifeu-Studie / HLNUG-Quellenliste (ifeu 2020), 2020 | C3: 0.2 | E3: ganzjährig | F3: ifeu-Studie / HLNUG-Quellenliste (ifeu 2020), 2020 | G3: 25 | H3: 0.3 | I3: 1.9 | J3: 5 | K3: 0 | L3: 48 | M3: 0 | N3: 0.1 | O3: 16 | P3: 0.05 | Q3: 0.06 | R3: 0.5 | S3: 0.18 | T3: 57 | U3: 0 | V3: 22 | W3: 0.4 | X3: 15 | Y3: 0.3 | Z3: 300 | AA3: 1.8
A4: Bohnen, grün, frisch | B4: ifeu-Studie / HLNUG-Quellenliste (ifeu 2020), 2020 | C4: 0.8 | E4: ganzjährig | F4: ifeu-Studie / HLNUG-Quellenliste (ifeu 2020), 2020 | G4: 31 | H4: 0.2 | I4: 1.8 | J4: 7 | K4: 35 | L4: 12 | M4: 0 | N4: 0.4 | O4: 43 | P4: 0.08 | Q4: 0.1 | R4: 0.7 | S4: 0.07 | T4: 33 | U4: 0 | V4: 37 | W4: 1 | X4: 25 | Y4: 0.2 | Z4: 210 | AA4: 2.1
A5: Bohnen, weiß, Dose | B5: ifeu-Studie / HLNUG-Quellenliste (ifeu 2020), 2020 | C5: 1.3 | E5: ganzjährig | F5: ifeu-Studie / HLNUG-Quellenliste (ifeu 2020), 2020 | G5: 90 | H5: 0.5 | I5: 6 | J5: 15 | K5: 0 | L5: 1 | M5: 0 | N5: 0.1 | O5: 3 | P5: 0.05 | Q5: 0.05 | R5: 0.4 | S5: 0.08 | T5: 20 | U5: 0 | V5: 60 | W5: 2 | X5: 35 | Y5: 0.8 | Z5: 300 | AA5: 0.3
A6: Brokkoli, frisch | B6: ifeu-Studie / HLNUG-Quellenliste (ifeu 2020), 2020 | C6: 0.3 | E6: ganzjährig | F6: ifeu-Studie / HLNUG-Quellenliste (ifeu 2020), 2020 | G6: 34 | H6: 0.4 | I6: 2.8 | J6: 7 | K6: 31 | L6: 89 | M6: 0 | N6: 0.8 | O6: 102 | P6: 0.07 | Q6: 0.12 | R6: 0.6 | S6: 0.2 | T6: 63 | U6: 0 | V6: 47 | W6: 0.7 | X6: 21 | Y6: 0.4 | Z6: 316 | AA6: 2.1
A7: Brokkoli, gefroren | B7: ifeu-Studie / HLNUG-Quellenliste (ifeu 2020), 2020 | C7: 0.7 | E7: ganzjährig | F7: ifeu-Studie / HLNUG-Quellenliste (ifeu 2020), 2020 | G7: 28 | H7: 0.3 | I7: 2.5 | J7: 5 | K7: 25 | L7: 45 | M7: 0 | N7: 0.6 | O7: 90 | P7: 0.05 | Q7: 0.09 | R7: 0.5 | S7: 0.15 | T7: 50 | U7: 0 | V7: 40 | W7: 0.6 | X7: 18 | Y7: 0.3 | Z7: 270 | AA7: 1.5
A8: Champignons, frisch | B8: ifeu-Studie / HLNUG-Quellenliste (ifeu 2020), 2020 | C8: 1.3 | E8: ganzjährig | F8: ifeu-Studie / HLNUG-Quellenliste (ifeu 2020), 2020 | G8: 22 | H8: 0.3 | I8: 3.1 | J8: 3 | K8: 0 | L8: 2 | M8: 0.2 | N8: 0.01 | O8: 0 | P8: 0.1 | Q8: 0.4 | R8: 3.6 | S8: 0.1 | T8: 17 | U8: 0 | V8: 3 | W8: 0.5 | X8: 9 | Y8: 0.5 | Z8: 320 | AA8: 0.4
A9: Champignons, Dose | B9: ifeu-Studie / HLNUG-Quellenliste (ifeu 2020), 2020 | C9: 2.4 | E9: ganzjährig | F9: ifeu-Studie / HLNUG-Quellenliste (ifeu 2020), 2020 | G9: 15 | H9: 0.2 | I9: 2 | J9: 1 | K9: 0 | L9: 1 | M9: 0.1 | N9: 0.01 | O9: 0 | P9: 0.03 | Q9: 0.2 | R9: 1.5 | S9: 0.05 | T9: 10 | U9: 0 | V9: 5 | W9: 1 | X9: 7 | Y9: 0.4 | Z9: 180 | AA9: 0.1
A10: Fenchel | B10: ifeu-Studie / HLNUG-Quellenliste (ifeu 2020), 2020 | C10: 0.2 | E10: ganzjährig | F10: ifeu-Studie / HLNUG-Quellenliste (ifeu 2020), 2020 | G10: 31 | H10: 0.2 | I10: 1.2 | J10: 7 | K10: 7 | L10: 12 | M10: 0 | N10: 0.6 | O10: 62 | P10: 0.01 | Q10: 0.03 | R10: 0.6 | S10: 0.05 | T10: 27 | U10: 0 | V10: 49 | W10: 0.7 | X10: 17 | Y10: 0.2 | Z10: 414 | AA10: 2.4
A11: Grünkohl, frisch | B11: ifeu-Studie / HLNUG-Quellenliste (ifeu 2020), 2020 | C11: 0.3 | E11: ganzjährig | F11: ifeu-Studie / HLNUG-Quellenliste (ifeu 2020), 2020 | G11: 49 | H11: 0.9 | I11: 4.3 | J11: 9 | K11: 681 | L11: 120 | M11: 0 | N11: 1.5 | O11: 705 | P11: 0.11 | Q11: 0.13 | R11: 1 | S11: 0.27 | T11: 141 | U11: 0 | V11: 150 | W11: 1.5 | X11: 34 | Y11: 0.6 | Z11: 450 | AA11: 1.3
A12: Grünkohl, Glas | B12: ifeu-Studie / HLNUG-Quellenliste (ifeu 2020), 2020 | C12: 0.9 | E12: ganzjährig | F12: ifeu-Studie / HLNUG-Quellenliste (ifeu 2020), 2020 | G12: 35 | H12: 0.6 | I12: 3 | J12: 5 | K12: 400 | L12: 50 | M12: 0 | N12: 1 | O12: 500 | P12: 0.06 | Q12: 0.08 | R12: 0.6 | S12: 0.15 | T12: 80 | U12: 0 | V12: 100 | W12: 1 | X12: 25 | Y12: 0.4 | Z12: 300 | AA12: 0.8
A13: Karotten (Möhren) | B13: ifeu-Studie / HLNUG-Quellenliste (ifeu 2020), 2020 | C13: 0.1 | E13: ganzjährig | F13: ifeu-Studie / HLNUG-Quellenliste (ifeu 2020), 2020 | G13: 41 | H13: 0.2 | I13: 0.9 | J13: 10 | K13: 835 | L13: 6 | M13: 0 | N13: 0.7 | O13: 13 | P13: 0.07 | Q13: 0.06 | R13: 1 | S13: 0.1 | T13: 19 | U13: 0 | V13: 33 | W13: 0.3 | X13: 12 | Y13: 0.2 | Z13: 320 | AA13: 4.5
... A178: Pommes frites, tiefgekühlt | B178: ifeu-Studie / HLNUG-Quellenliste (ifeu 2020), 2020 | C178: 0.7 | E178: ganzjährig | F178: ifeu-Studie / HLNUG-Quellenliste (ifeu 2020), 2020 | G178: 155 | H178: 5 | I178: 2.5 | J178: 25 | K178: 0 | L178: 5 | M178: 0 | N178: 0.3 | O178: 3 | P178: 0.08 | Q178: 0.02 | R178: 1.5 | S178: 0.25 | T178: 15 | U178: 0 | V178: 10 | W178: 0.5 | X178: 20 | Y178: 0.3 | Z178: 450 | AA178: 0.5
A179: Lammfleisch | B179: Lamb & Mutton | C179: 39.72 | D179: 39.72 | E179: ganzjährig | F179: Kein signifikanter Standort- oder Saisoneffekt bzw. keine belastbare separate Studie für Deutschland gefunden – globaler Poore & Nemecek-Wert beibehalten. | G179: 250 | H179: 17 | I179: 25 | J179: 0 | K179: 0 | L179: 0 | M179: 0.1 | N179: 0.5 | O179: 4 | P179: 0.1 | Q179: 0.23 | R179: 6 | S179: 0.15 | T179: 5 | U179: 2.6 | V179: 8 | W179: 1.9 | X179: 21 | Y179: 4 | Z179: 310 | AA179: 0
A180: Lachs (Zucht) | B180: Fish (farmed) | C180: 13.63 | D180: 13.63 | E180: ganzjährig (Aquakultur, Import) | F180: In Deutschland keine relevante Lachszucht – Importware (Norwegen u.a.). Globaler Wert beibehalten. | G180: 208 | H180: 13 | I180: 20 | J180: 0 | K180: 12 | L180: 0 | M180: 11 | N180: 3.5 | O180: 0.1 | P180: 0.2 | Q180: 0.4 | R180: 8 | S180: 0.6 | T180: 26 | U180: 3.2 | V180: 12 | W180: 0.5 | X180: 27 | Y180: 0.6 | Z180: 380 | AA180: 0
A181: Mandeln | B181: Nuts | C181: 0.43 | D181: 0.43 | E181: ganzjährig | F181: Kein signifikanter Standort- oder Saisoneffekt bzw. keine belastbare separate Studie für Deutschland gefunden – globaler Poore & Nemecek-Wert beibehalten. | G181: 580 | H181: 50 | I181: 21 | J181: 22 | K181: 0 | L181: 0 | M181: 0 | N181: 25 | O181: 0 | P181: 0.2 | Q181: 1.1 | R181: 3.6 | S181: 0.1 | T181: 50 | U181: 0 | V181: 260 | W181: 3.7 | X181: 270 | Y181: 3.1 | Z181: 730 | AA181: 2.2
A182: Gerste (roh) | B182: Barley | C182: 1.18 | D182: 1.18 | E182: ganzjährig | F182: Kein signifikanter Standort- oder Saisoneffekt bzw. keine belastbare separate Studie für Deutschland gefunden – globaler Poore & Nemecek-Wert beibehalten. | G182: 354 | H182: 1.2 | I182: 9.9 | J182: 73 | K182: 0 | L182: 0 | M182: 0 | N182: 0.1 | O182: 0 | P182: 0.19 | Q182: 0.11 | R182: 4.6 | S182: 0.26 | T182: 23 | U182: 0 | V182: 29 | W182: 2.5 | X182: 79 | Y182: 2.1 | Z182: 280 | AA182: 10.9
A183: Zartbitterschokolade | B183: Dark Chocolate | C183: 46.65 | D183: 46.65 | E183: ganzjährig | F183: Kein signifikanter Standort- oder Saisoneffekt bzw. keine belastbare separate Studie für Deutschland gefunden – globaler Poore & Nemecek-Wert beibehalten. | G183: 550 | H183: 38 | I183: 6 | J183: 45 | K183: 3 | L183: 0 | M183: 0 | N183: 0.6 | O183: 6 | P183: 0.03 | Q183: 0.08 | R183: 1 | S183: 0.04 | T183: 8 | U183: 0.3 | V183: 60 | W183: 8 | X183: 150 | Y183: 2 | Z183: 600 | AA183: 38.2
A184: Eissalat (Freiland, Deutschland) | B184: ifeu 2013 (Gemüse-Bericht) | C184: 0.6 | E184: ganzjährig (mit Vlies ab Mai, ohne ab Juni) | F184: ifeu (2013), Gemüse-Bericht: typischer Wert 0,6 kg CO2e/kg (Spanne 0,5–0,9). Hauptquelle: Verpackung und Kühlung im Handel, nicht der Anbau selbst. Frühjahrssalat (mit Vlies) ca. 15% höher als Sommer-/Herbstsalat, aber IMMER NOCH klimafreundlicher als importierter spanischer Eissalat. | G184: 14 | H184: 0.1 | I184: 0.9 | J184: 2.1 | K184: 25 | L184: 3 | M184: 0 | N184: 0.2 | O184: 24 | P184: 0.05 | Q184: 0.03 | R184: 0.2 | S184: 0.04 | T184: 18 | U184: 0 | V184: 18 | W184: 0.4 | X184: 7 | Y184: 0.2 | Z184: 140 | AA184: 0.6
A185: Rindfleisch (Ackerbau-Fütterung, Regenwald-Landnutzungsänderung) | B185: Beef (beef herd) | C185: 21 | E185: ganzjährig (Tierhaltung) | F185: ifeu (2013), Fleisch-Bericht: Bei maissilagebasierter (Ackerbau-) Fütterung wird auch Sojaschrot eingesetzt. Stammt dieses von Flächen mit Regenwald-Landnutzungsänderung, steigt der CO2-Fußabdruck um mehr als 50% (von typisch 14 auf ca. 21 kg CO2e/kg). Bei grünlandbasierter Fütterung (wenig Soja) ist dieser Effekt deutlich kleiner. | G185: 250 | H185: 15 | I185: 26 | J185: 0 | K185: 0 | L185: 0 | M185: 0 | N185: 0.3 | O185: 1.5 | P185: 0.08 | Q185: 0.2 | R185: 5 | S185: 0.4 | T185: 6 | U185: 2.5 | V185: 12 | W185: 2.5 | X185: 22 | Y185: 4.5 | Z185: 350 | AA185: 0
A186: Schweinefleisch (Soja-Futter, Regenwald-Landnutzungsänderung) | B186: Pig Meat | C186: 14 | E186: ganzjährig (Tierhaltung) | F186: ifeu (2013), Fleisch-Bericht: Wird das importierte Soja-Futter auf Flächen angebaut, für die zuvor Regenwald gerodet wurde, kann sich der CO2-Fußabdruck von Schweinefleisch fast verdreifachen (von typisch 5 auf ca. 14 kg CO2e/kg). Wie oft das in der Praxis zutrifft, hängt von der Herkunft des Sojas ab und ist für Verbraucher nicht erkennbar – ein Grund, den Sojaanteil im Fleischkonsum insgesamt zu reduzieren. | G186: 242 | H186: 17 | I186: 21 | J186: 0 | K186: 2 | L186: 0.5 | M186: 1 | N186: 0.3 | O186: 0 | P186: 0.6 | Q186: 0.2 | R186: 5 | S186: 0.5 | T186: 3 | U186: 0.7 | V186: 10 | W186: 0.9 | X186: 20 | Y186: 2 | Z186: 380 | AA186: 0
A187: Basilikum, frisch | B187: Geschätzt (Analogie/Kategorie) — frische Kräuter | C187: 0.6 | E187: ganzjährig | F187: Geschätzt (Analogie/Kategorie) — frische Kräuter | G187: 23 | H187: 0.6 | I187: 3.2 | J187: 2.6 | K187: 264 | L187: 18 | M187: 0 | N187: 0.8 | O187: 415 | P187: 0.03 | Q187: 0.08 | R187: 0.9 | S187: 0.16 | T187: 68 | U187: 0 | V187: 177 | W187: 3.2 | X187: 64 | Y187: 0.8 | Z187: 295 | AA187: 0.4
A188: Petersilie, frisch | B188: Geschätzt (Analogie/Kategorie) — frische Kräuter | C188: 0.5 | E188: ganzjährig | F188: Geschätzt (Analogie/Kategorie) — frische Kräuter | G188: 36 | H188: 0.8 | I188: 3 | J188: 6.3 | K188: 421 | L188: 133 | M188: 0 | N188: 0.8 | O188: 1640 | P188: 0.09 | Q188: 0.1 | R188: 1.3 | S188: 0.09 | T188: 152 | U188: 0 | V188: 138 | W188: 6.2 | X188: 50 | Y188: 1.1 | Z188: 554 | AA188: 0.9
A189: Schnittlauch, frisch | B189: Geschätzt (Analogie/Kategorie) — frische Kräuter | C189: 0.5 | E189: ganzjährig | F189: Geschätzt (Analogie/Kategorie) — frische Kräuter | G189: 30 | H189: 0.7 | I189: 3.3 | J189: 4.4 | K189: 218 | L189: 58 | M189: 0 | N189: 0.2 | O189: 213 | P189: 0.08 | Q189: 0.17 | R189: 0.6 | S189: 0.13 | T189: 105 | U189: 0 | V189: 92 | W189: 1.6 | X189: 42 | Y189: 0.6 | Z189: 296 | AA189: 1.3
A190: Dill, frisch | B190: Geschätzt (Analogie/Kategorie) — frische Kräuter | C190: 0.5 | E190: ganzjährig | F190: Geschätzt (Analogie/Kategorie) — frische Kräuter | G190: 43 | H190: 1.1 | I190: 3.5 | J190: 7 | K190: 386 | L190: 85 | M190: 0 | N190: 1.7 | O190: 777 | P190: 0.06 | Q190: 0.3 | R190: 1.6 | S190: 0.19 | T190: 150 | U190: 0 | V190: 208 | W190: 6.6 | X190: 55 | Y190: 0.9 | Z190: 738 | AA190: 1.1
A191: Koriander, frisch | B191: Geschätzt (Analogie/Kategorie) — frische Kräuter | C191: 0.6 | E191: ganzjährig | F191: Geschätzt (Analogie/Kategorie) — frische Kräuter | G191: 23 | H191: 0.5 | I191: 2.1 | J191: 3.7 | K191: 337 | L191: 27 | M191: 0 | N191: 2.5 | O191: 310 | P191: 0.07 | Q191: 0.16 | R191: 1.1 | S191: 0.15 | T191: 62 | U191: 0 | V191: 67 | W191: 1.8 | X191: 26 | Y191: 0.5 | Z191: 521 | AA191: 0.6
A192: Minze, frisch | B192: Geschätzt (Analogie/Kategorie) — frische Kräuter | C192: 0.5 | E192: ganzjährig | F192: Geschätzt (Analogie/Kategorie) — frische Kräuter | G192: 70 | H192: 0.9 | I192: 3.8 | J192: 15 | K192: 212 | L192: 32 | M192: 0 | N192: 1.5 | O192: 212 | P192: 0.08 | Q192: 0.18 | R192: 1.7 | S192: 0.13 | T192: 114 | U192: 0 | V192: 199 | W192: 5.1 | X192: 80 | Y192: 1.1 | Z192: 569 | AA192: 2.2
A193: Rosmarin, frisch | B193: Geschätzt (Analogie/Kategorie) — frische Kräuter | C193: 0.6 | E193: ganzjährig | F193: Geschätzt (Analogie/Kategorie) — frische Kräuter | G193: 131 | H193: 5.9 | I193: 3.3 | J193: 20.7 | K193: 146 | L193: 22 | M193: 0 | N193: 2.9 | O193: 58 | P193: 0.04 | Q193: 0.15 | R193: 1.2 | S193: 0.44 | T193: 109 | U193: 0 | V193: 317 | W193: 6.7 | X193: 91 | Y193: 0.9 | Z193: 668 | AA193: 3.1
A194: Thymian, frisch | B194: Geschätzt (Analogie/Kategorie) — frische Kräuter | C194: 0.6 | E194: ganzjährig | F194: Geschätzt (Analogie/Kategorie) — frische Kräuter | G194: 101 | H194: 1.7 | I194: 5.6 | J194: 24.5 | K194: 190 | L194: 160 | M194: 0 | N194: 1.7 | O194: 1715 | P194: 0.05 | Q194: 0.47 | R194: 2.1 | S194: 0.34 | T194: 45 | U194: 0 | V194: 405 | W194: 9.5 | X194: 160 | Y194: 1.8 | Z194: 609 | AA194: 3.7
A195: Salbei, frisch | B195: Geschätzt (Analogie/Kategorie) — frische Kräuter | C195: 0.6 | E195: ganzjährig | F195: Geschätzt (Analogie/Kategorie) — frische Kräuter | G195: 315 | H195: 12.8 | I195: 10.6 | J195: 60.7 | K195: 296 | L195: 32 | M195: 0 | N195: 7.5 | O195: 1715 | P195: 0.75 | Q195: 0.34 | R195: 5.7 | S195: 2.7 | T195: 274 | U195: 0 | V195: 1652 | W195: 28 | X195: 428 | Y195: 4.7 | Z195: 1070 | AA195: 0
... A421: Pilze, getrocknet (Mix) | B421: Geschätzt (Analogie/Kategorie) — Pilze | C421: 3.5 | E421: ganzjährig | F421: Geschätzt (Analogie/Kategorie) — Pilze | G421: 284 | H421: 3 | I421: 30 | J421: 52 | K421: 0 | L421: 0 | M421: 3 | N421: 0.1 | O421: 0 | P421: 0.3 | Q421: 1.5 | R421: 30 | S421: 0.5 | T421: 50 | U421: 0 | V421: 20 | W421: 10 | X421: 80 | Y421: 5 | Z421: 2000 | AA421: 36.4

Sheet CO2 pro Nährstoff
A1: Lebensmittel | B1: kg CO2e je kg (Deutschland/Saison) | C1: g CO2e je kcal (gesamt) | D1: g CO2e je kcal aus Fett | E1: g CO2e je kcal aus Eiweiß | F1: g CO2e je kcal aus Kohlenhydraten | G1: g CO2e je µg Vitamin A | H1: g CO2e je mg Vitamin C | I1: g CO2e je µg Vitamin D | J1: g CO2e je mg Vitamin E | K1: g CO2e je µg Vitamin K | L1: g CO2e je mg Vitamin B1 | M1: g CO2e je mg Vitamin B2 | N1: g CO2e je mg Niacin | O1: g CO2e je mg Vitamin B6 | P1: g CO2e je µg Folat | Q1: g CO2e je µg Vitamin B12 | R1: g CO2e je mg Calcium | S1: g CO2e je mg Eisen | T1: g CO2e je mg Magnesium | U1: g CO2e je mg Zink | V1: g CO2e je mg Kalium
A2: =Rohdaten!A2 -> Aubergine | B2: =Rohdaten!C2 -> 0.2 | C2: =IFERROR(Rohdaten!C2*100/Rohdaten!G2,"–") -> 0.8 | D2: =IFERROR(Rohdaten!C2*100/(Rohdaten!H2*9),"–") -> 11.111111 | E2: =IFERROR(Rohdaten!C2*100/(Rohdaten!I2*4),"–") -> 5 | F2: =IFERROR(Rohdaten!C2*100/(Rohdaten!J2*4),"–") -> 0.83333333 | G2: =IFERROR(Rohdaten!C2*100/Rohdaten!K2,"–") -> 20 | H2: =IFERROR(Rohdaten!C2*100/Rohdaten!L2,"–") -> 9.0909091 | I2: =IFERROR(Rohdaten!C2*100/Rohdaten!M2,"–") -> – | J2: =IFERROR(Rohdaten!C2*100/Rohdaten!N2,"–") -> 66.666667 | K2: =IFERROR(Rohdaten!C2*100/Rohdaten!O2,"–") -> 5.7142857 | L2: =IFERROR(Rohdaten!C2*100/Rohdaten!P2,"–") -> 500 | M2: =IFERROR(Rohdaten!C2*100/Rohdaten!Q2,"–") -> 500 | N2: =IFERROR(Rohdaten!C2*100/Rohdaten!R2,"–") -> 33.333333 | O2: =IFERROR(Rohdaten!C2*100/Rohdaten!S2,"–") -> 250 | P2: =IFERROR(Rohdaten!C2*100/Rohdaten!T2,"–") -> 0.90909091 | Q2: =IFERROR(Rohdaten!C2*100/Rohdaten!U2,"–") -> – | R2: =IFERROR(Rohdaten!C2*100/Rohdaten!V2,"–") -> 2.2222222 | S2: =IFERROR(Rohdaten!C2*100/Rohdaten!W2,"–") -> 100 | T2: =IFERROR(Rohdaten!C2*100/Rohdaten!X2,"–") -> 1.4285714 | U2: =IFERROR(Rohdaten!C2*100/Rohdaten!Y2,"–") -> 100 | V2: =IFERROR(Rohdaten!C2*100/Rohdaten!Z2,"–") -> 0.086956522
A3: =Rohdaten!A3 -> Blumenkohl | B3: =Rohdaten!C3 -> 0.2 | C3: =IFERROR(Rohdaten!C3*100/Rohdaten!G3,"–") -> 0.8 | D3: =IFERROR(Rohdaten!C3*100/(Rohdaten!H3*9),"–") -> 7.4074074 | E3: =IFERROR(Rohdaten!C3*100/(Rohdaten!I3*4),"–") -> 2.6315789 | F3: =IFERROR(Rohdaten!C3*100/(Rohdaten!J3*4),"–") -> 1 | G3: =IFERROR(Rohdaten!C3*100/Rohdaten!K3,"–") -> – | H3: =IFERROR(Rohdaten!C3*100/Rohdaten!L3,"–") -> 0.41666667 | I3: =IFERROR(Rohdaten!C3*100/Rohdaten!M3,"–") -> – | J3: =IFERROR(Rohdaten!C3*100/Rohdaten!N3,"–") -> 200 | K3: =IFERROR(Rohdaten!C3*100/Rohdaten!O3,"–") -> 1.25 | L3: =IFERROR(Rohdaten!C3*100/Rohdaten!P3,"–") -> 400 | M3: =IFERROR(Rohdaten!C3*100/Rohdaten!Q3,"–") -> 333.33333 | N3: =IFERROR(Rohdaten!C3*100/Rohdaten!R3,"–") -> 40 | O3: =IFERROR(Rohdaten!C3*100/Rohdaten!S3,"–") -> 111.11111 | P3: =IFERROR(Rohdaten!C3*100/Rohdaten!T3,"–") -> 0.35087719 | Q3: =IFERROR(Rohdaten!C3*100/Rohdaten!U3,"–") -> – | R3: =IFERROR(Rohdaten!C3*100/Rohdaten!V3,"–") -> 0.90909091 | S3: =IFERROR(Rohdaten!C3*100/Rohdaten!W3,"–") -> 50 | T3: =IFERROR(Rohdaten!C3*100/Rohdaten!X3,"–") -> 1.3333333 | U3: =IFERROR(Rohdaten!C3*100/Rohdaten!Y3,"–") -> 66.666667 | V3: =IFERROR(Rohdaten!C3*100/Rohdaten!Z3,"–") -> 0.066666667
A4: =Rohdaten!A4 -> Bohnen, grün, frisch | B4: =Rohdaten!C4 -> 0.8 | C4: =IFERROR(Rohdaten!C4*100/Rohdaten!G4,"–") -> 2.5806452 | D4: =IFERROR(Rohdaten!C4*100/(Rohdaten!H4*9),"–") -> 44.444444 | E4: =IFERROR(Rohdaten!C4*100/(Rohdaten!I4*4),"–") -> 11.111111 | F4: =IFERROR(Rohdaten!C4*100/(Rohdaten!J4*4),"–") -> 2.8571429 | G4: =IFERROR(Rohdaten!C4*100/Rohdaten!K4,"–") -> 2.2857143 | H4: =IFERROR(Rohdaten!C4*100/Rohdaten!L4,"–") -> 6.6666667 | I4: =IFERROR(Rohdaten!C4*100/Rohdaten!M4,"–") -> – | J4: =IFERROR(Rohdaten!C4*100/Rohdaten!N4,"–") -> 200 | K4: =IFERROR(Rohdaten!C4*100/Rohdaten!O4,"–") -> 1.8604651 | L4: =IFERROR(Rohdaten!C4*100/Rohdaten!P4,"–") -> 1000 | M4: =IFERROR(Rohdaten!C4*100/Rohdaten!Q4,"–") -> 800 | N4: =IFERROR(Rohdaten!C4*100/Rohdaten!R4,"–") -> 114.28571 | O4: =IFERROR(Rohdaten!C4*100/Rohdaten!S4,"–") -> 1142.8571 | P4: =IFERROR(Rohdaten!C4*100/Rohdaten!T4,"–") -> 2.4242424 | Q4: =IFERROR(Rohdaten!C4*100/Rohdaten!U4,"–") -> – | R4: =IFERROR(Rohdaten!C4*100/Rohdaten!V4,"–") -> 2.1621622 | S4: =IFERROR(Rohdaten!C4*100/Rohdaten!W4,"–") -> 80 | T4: =IFERROR(Rohdaten!C4*100/Rohdaten!X4,"–") -> 3.2 | U4: =IFERROR(Rohdaten!C4*100/Rohdaten!Y4,"–") -> 400 | V4: =IFERROR(Rohdaten!C4*100/Rohdaten!Z4,"–") -> 0.38095238
A5: =Rohdaten!A5 -> Bohnen, weiß, Dose | B5: =Rohdaten!C5 -> 1.3 | C5: =IFERROR(Rohdaten!C5*100/Rohdaten!G5,"–") -> 1.4444444 | D5: =IFERROR(Rohdaten!C5*100/(Rohdaten!H5*9),"–") -> 28.888889 | E5: =IFERROR(Rohdaten!C5*100/(Rohdaten!I5*4),"–") -> 5.4166667 | F5: =IFERROR(Rohdaten!C5*100/(Rohdaten!J5*4),"–") -> 2.1666667 | G5: =IFERROR(Rohdaten!C5*100/Rohdaten!K5,"–") -> – | H5: =IFERROR(Rohdaten!C5*100/Rohdaten!L5,"–") -> 130 | I5: =IFERROR(Rohdaten!C5*100/Rohdaten!M5,"–") -> – | J5: =IFERROR(Rohdaten!C5*100/Rohdaten!N5,"–") -> 1300 | K5: =IFERROR(Rohdaten!C5*100/Rohdaten!O5,"–") -> 43.333333 | L5: =IFERROR(Rohdaten!C5*100/Rohdaten!P5,"–") -> 2600 | M5: =IFERROR(Rohdaten!C5*100/Rohdaten!Q5,"–") -> 2600 | N5: =IFERROR(Rohdaten!C5*100/Rohdaten!R5,"–") -> 325 | O5: =IFERROR(Rohdaten!C5*100/Rohdaten!S5,"–") -> 1625 | P5: =IFERROR(Rohdaten!C5*100/Rohdaten!T5,"–") -> 6.5 | Q5: =IFERROR(Rohdaten!C5*100/Rohdaten!U5,"–") -> – | R5: =IFERROR(Rohdaten!C5*100/Rohdaten!V5,"–") -> 2.1666667 | S5: =IFERROR(Rohdaten!C5*100/Rohdaten!W5,"–") -> 65 | T5: =IFERROR(Rohdaten!C5*100/Rohdaten!X5,"–") -> 3.7142857 | U5: =IFERROR(Rohdaten!C5*100/Rohdaten!Y5,"–") -> 162.5 | V5: =IFERROR(Rohdaten!C5*100/Rohdaten!Z5,"–") -> 0.43333333
A6: =Rohdaten!A6 -> Brokkoli, frisch | B6: =Rohdaten!C6 -> 0.3 | C6: =IFERROR(Rohdaten!C6*100/Rohdaten!G6,"–") -> 0.88235294 | D6: =IFERROR(Rohdaten!C6*100/(Rohdaten!H6*9),"–") -> 8.3333333 | E6: =IFERROR(Rohdaten!C6*100/(Rohdaten!I6*4),"–") -> 2.6785714 | F6: =IFERROR(Rohdaten!C6*100/(Rohdaten!J6*4),"–") -> 1.0714286 | G6: =IFERROR(Rohdaten!C6*100/Rohdaten!K6,"–") -> 0.96774194 | H6: =IFERROR(Rohdaten!C6*100/Rohdaten!L6,"–") -> 0.33707865 | I6: =IFERROR(Rohdaten!C6*100/Rohdaten!M6,"–") -> – | J6: =IFERROR(Rohdaten!C6*100/Rohdaten!N6,"–") -> 37.5 | K6: =IFERROR(Rohdaten!C6*100/Rohdaten!O6,"–") -> 0.29411765 | L6: =IFERROR(Rohdaten!C6*100/Rohdaten!P6,"–") -> 428.57143 | M6: =IFERROR(Rohdaten!C6*100/Rohdaten!Q6,"–") -> 250 | N6: =IFERROR(Rohdaten!C6*100/Rohdaten!R6,"–") -> 50 | O6: =IFERROR(Rohdaten!C6*100/Rohdaten!S6,"–") -> 150 | P6: =IFERROR(Rohdaten!C6*100/Rohdaten!T6,"–") -> 0.47619048 | Q6: =IFERROR(Rohdaten!C6*100/Rohdaten!U6,"–") -> – | R6: =IFERROR(Rohdaten!C6*100/Rohdaten!V6,"–") -> 0.63829787 | S6: =IFERROR(Rohdaten!C6*100/Rohdaten!W6,"–") -> 42.857143 | T6: =IFERROR(Rohdaten!C6*100/Rohdaten!X6,"–") -> 1.4285714 | U6: =IFERROR(Rohdaten!C6*100/Rohdaten!Y6,"–") -> 75 | V6: =IFERROR(Rohdaten!C6*100/Rohdaten!Z6,"–") -> 0.094936709
A7: =Rohdaten!A7 -> Brokkoli, gefroren | B7: =Rohdaten!C7 -> 0.7 | C7: =IFERROR(Rohdaten!C7*100/Rohdaten!G7,"–") -> 2.5 | D7: =IFERROR(Rohdaten!C7*100/(Rohdaten!H7*9),"–") -> 25.925926 | E7: =IFERROR(Rohdaten!C7*100/(Rohdaten!I7*4),"–") -> 7 | F7: =IFERROR(Rohdaten!C7*100/(Rohdaten!J7*4),"–") -> 3.5 | G7: =IFERROR(Rohdaten!C7*100/Rohdaten!K7,"–") -> 2.8 | H7: =IFERROR(Rohdaten!C7*100/Rohdaten!L7,"–") -> 1.5555556 | I7: =IFERROR(Rohdaten!C7*100/Rohdaten!M7,"–") -> – | J7: =IFERROR(Rohdaten!C7*100/Rohdaten!N7,"–") -> 116.66667 | K7: =IFERROR(Rohdaten!C7*100/Rohdaten!O7,"–") -> 0.77777778 | L7: =IFERROR(Rohdaten!C7*100/Rohdaten!P7,"–") -> 1400 | M7: =IFERROR(Rohdaten!C7*100/Rohdaten!Q7,"–") -> 777.77778 | N7: =IFERROR(Rohdaten!C7*100/Rohdaten!R7,"–") -> 140 | O7: =IFERROR(Rohdaten!C7*100/Rohdaten!S7,"–") -> 466.66667 | P7: =IFERROR(Rohdaten!C7*100/Rohdaten!T7,"–") -> 1.4 | Q7: =IFERROR(Rohdaten!C7*100/Rohdaten!U7,"–") -> – | R7: =IFERROR(Rohdaten!C7*100/Rohdaten!V7,"–") -> 1.75 | S7: =IFERROR(Rohdaten!C7*100/Rohdaten!W7,"–") -> 116.66667 | T7: =IFERROR(Rohdaten!C7*100/Rohdaten!X7,"–") -> 3.8888889 | U7: =IFERROR(Rohdaten!C7*100/Rohdaten!Y7,"–") -> 233.33333 | V7: =IFERROR(Rohdaten!C7*100/Rohdaten!Z7,"–") -> 0.25925926
A8: =Rohdaten!A8 -> Champignons, frisch | B8: =Rohdaten!C8 -> 1.3 | C8: =IFERROR(Rohdaten!C8*100/Rohdaten!G8,"–") -> 5.9090909 | D8: =IFERROR(Rohdaten!C8*100/(Rohdaten!H8*9),"–") -> 48.148148 | E8: =IFERROR(Rohdaten!C8*100/(Rohdaten!I8*4),"–") -> 10.483871 | F8: =IFERROR(Rohdaten!C8*100/(Rohdaten!J8*4),"–") -> 10.833333 | G8: =IFERROR(Rohdaten!C8*100/Rohdaten!K8,"–") -> – | H8: =IFERROR(Rohdaten!C8*100/Rohdaten!L8,"–") -> 65 | I8: =IFERROR(Rohdaten!C8*100/Rohdaten!M8,"–") -> 650 | J8: =IFERROR(Rohdaten!C8*100/Rohdaten!N8,"–") -> 13000 | K8: =IFERROR(Rohdaten!C8*100/Rohdaten!O8,"–") -> – | L8: =IFERROR(Rohdaten!C8*100/Rohdaten!P8,"–") -> 1300 | M8: =IFERROR(Rohdaten!C8*100/Rohdaten!Q8,"–") -> 325 | N8: =IFERROR(Rohdaten!C8*100/Rohdaten!R8,"–") -> 36.111111 | O8: =IFERROR(Rohdaten!C8*100/Rohdaten!S8,"–") -> 1300 | P8: =IFERROR(Rohdaten!C8*100/Rohdaten!T8,"–") -> 7.6470588 | Q8: =IFERROR(Rohdaten!C8*100/Rohdaten!U8,"–") -> – | R8: =IFERROR(Rohdaten!C8*100/Rohdaten!V8,"–") -> 43.333333 | S8: =IFERROR(Rohdaten!C8*100/Rohdaten!W8,"–") -> 260 | T8: =IFERROR(Rohdaten!C8*100/Rohdaten!X8,"–") -> 14.444444 | U8: =IFERROR(Rohdaten!C8*100/Rohdaten!Y8,"–") -> 260 | V8: =IFERROR(Rohdaten!C8*100/Rohdaten!Z8,"–") -> 0.40625
A9: =Rohdaten!A9 -> Champignons, Dose | B9: =Rohdaten!C9 -> 2.4 | C9: =IFERROR(Rohdaten!C9*100/Rohdaten!G9,"–") -> 16 | D9: =IFERROR(Rohdaten!C9*100/(Rohdaten!H9*9),"–") -> 133.33333 | E9: =IFERROR(Rohdaten!C9*100/(Rohdaten!I9*4),"–") -> 30 | F9: =IFERROR(Rohdaten!C9*100/(Rohdaten!J9*4),"–") -> 60 | G9: =IFERROR(Rohdaten!C9*100/Rohdaten!K9,"–") -> – | H9: =IFERROR(Rohdaten!C9*100/Rohdaten!L9,"–") -> 240 | I9: =IFERROR(Rohdaten!C9*100/Rohdaten!M9,"–") -> 2400 | J9: =IFERROR(Rohdaten!C9*100/Rohdaten!N9,"–") -> 24000 | K9: =IFERROR(Rohdaten!C9*100/Rohdaten!O9,"–") -> – | L9: =IFERROR(Rohdaten!C9*100/Rohdaten!P9,"–") -> 8000 | M9: =IFERROR(Rohdaten!C9*100/Rohdaten!Q9,"–") -> 1200 | N9: =IFERROR(Rohdaten!C9*100/Rohdaten!R9,"–") -> 160 | O9: =IFERROR(Rohdaten!C9*100/Rohdaten!S9,"–") -> 4800 | P9: =IFERROR(Rohdaten!C9*100/Rohdaten!T9,"–") -> 24 | Q9: =IFERROR(Rohdaten!C9*100/Rohdaten!U9,"–") -> – | R9: =IFERROR(Rohdaten!C9*100/Rohdaten!V9,"–") -> 48 | S9: =IFERROR(Rohdaten!C9*100/Rohdaten!W9,"–") -> 240 | T9: =IFERROR(Rohdaten!C9*100/Rohdaten!X9,"–") -> 34.285714 | U9: =IFERROR(Rohdaten!C9*100/Rohdaten!Y9,"–") -> 600 | V9: =IFERROR(Rohdaten!C9*100/Rohdaten!Z9,"–") -> 1.3333333
A10: =Rohdaten!A10 -> Fenchel | B10: =Rohdaten!C10 -> 0.2 | C10: =IFERROR(Rohdaten!C10*100/Rohdaten!G10,"–") -> 0.64516129 | D10: =IFERROR(Rohdaten!C10*100/(Rohdaten!H10*9),"–") -> 11.111111 | E10: =IFERROR(Rohdaten!C10*100/(Rohdaten!I10*4),"–") -> 4.1666667 | F10: =IFERROR(Rohdaten!C10*100/(Rohdaten!J10*4),"–") -> 0.71428571 | G10: =IFERROR(Rohdaten!C10*100/Rohdaten!K10,"–") -> 2.8571429 | H10: =IFERROR(Rohdaten!C10*100/Rohdaten!L10,"–") -> 1.6666667 | I10: =IFERROR(Rohdaten!C10*100/Rohdaten!M10,"–") -> – | J10: =IFERROR(Rohdaten!C10*100/Rohdaten!N10,"–") -> 33.333333 | K10: =IFERROR(Rohdaten!C10*100/Rohdaten!O10,"–") -> 0.32258065 | L10: =IFERROR(Rohdaten!C10*100/Rohdaten!P10,"–") -> 2000 | M10: =IFERROR(Rohdaten!C10*100/Rohdaten!Q10,"–") -> 666.66667 | N10: =IFERROR(Rohdaten!C10*100/Rohdaten!R10,"–") -> 33.333333 | O10: =IFERROR(Rohdaten!C10*100/Rohdaten!S10,"–") -> 400 | P10: =IFERROR(Rohdaten!C10*100/Rohdaten!T10,"–") -> 0.74074074 | Q10: =IFERROR(Rohdaten!C10*100/Rohdaten!U10,"–") -> – | R10: =IFERROR(Rohdaten!C10*100/Rohdaten!V10,"–") -> 0.40816327 | S10: =IFERROR(Rohdaten!C10*100/Rohdaten!W10,"–") -> 28.571429 | T10: =IFERROR(Rohdaten!C10*100/Rohdaten!X10,"–") -> 1.1764706 | U10: =IFERROR(Rohdaten!C10*100/Rohdaten!Y10,"–") -> 100 | V10: =IFERROR(Rohdaten!C10*100/Rohdaten!Z10,"–") -> 0.048309179
A11: =Rohdaten!A11 -> Grünkohl, frisch | B11: =Rohdaten!C11 -> 0.3 | C11: =IFERROR(Rohdaten!C11*100/Rohdaten!G11,"–") -> 0.6122449 | D11: =IFERROR(Rohdaten!C11*100/(Rohdaten!H11*9),"–") -> 3.7037037 | E11: =IFERROR(Rohdaten!C11*100/(Rohdaten!I11*4),"–") -> 1.744186 | F11: =IFERROR(Rohdaten!C11*100/(Rohdaten!J11*4),"–") -> 0.83333333 | G11: =IFERROR(Rohdaten!C11*100/Rohdaten!K11,"–") -> 0.044052863 | H11: =IFERROR(Rohdaten!C11*100/Rohdaten!L11,"–") -> 0.25 | I11: =IFERROR(Rohdaten!C11*100/Rohdaten!M11,"–") -> – | J11: =IFERROR(Rohdaten!C11*100/Rohdaten!N11,"–") -> 20 | K11: =IFERROR(Rohdaten!C11*100/Rohdaten!O11,"–") -> 0.042553191 | L11: =IFERROR(Rohdaten!C11*100/Rohdaten!P11,"–") -> 272.72727 | M11: =IFERROR(Rohdaten!C11*100/Rohdaten!Q11,"–") -> 230.76923 | N11: =IFERROR(Rohdaten!C11*100/Rohdaten!R11,"–") -> 30 | O11: =IFERROR(Rohdaten!C11*100/Rohdaten!S11,"–") -> 111.11111 | P11: =IFERROR(Rohdaten!C11*100/Rohdaten!T11,"–") -> 0.21276596 | Q11: =IFERROR(Rohdaten!C11*100/Rohdaten!U11,"–") -> – | R11: =IFERROR(Rohdaten!C11*100/Rohdaten!V11,"–") -> 0.2 | S11: =IFERROR(Rohdaten!C11*100/Rohdaten!W11,"–") -> 20 | T11: =IFERROR(Rohdaten!C11*100/Rohdaten!X11,"–") -> 0.88235294 | U11: =IFERROR(Rohdaten!C11*100/Rohdaten!Y11,"–") -> 50 | V11: =IFERROR(Rohdaten!C11*100/Rohdaten!Z11,"–") -> 0.066666667
A12: =Rohdaten!A12 -> Grünkohl, Glas | B12: =Rohdaten!C12 -> 0.9 | C12: =IFERROR(Rohdaten!C12*100/Rohdaten!G12,"–") -> 2.5714286 | D12: =IFERROR(Rohdaten!C12*100/(Rohdaten!H12*9),"–") -> 16.666667 | E12: =IFERROR(Rohdaten!C12*100/(Rohdaten!I12*4),"–") -> 7.5 | F12: =IFERROR(Rohdaten!C12*100/(Rohdaten!J12*4),"–") -> 4.5 | G12: =IFERROR(Rohdaten!C12*100/Rohdaten!K12,"–") -> 0.225 | H12: =IFERROR(Rohdaten!C12*100/Rohdaten!L12,"–") -> 1.8 | I12: =IFERROR(Rohdaten!C12*100/Rohdaten!M12,"–") -> – | J12: =IFERROR(Rohdaten!C12*100/Rohdaten!N12,"–") -> 90 | K12: =IFERROR(Rohdaten!C12*100/Rohdaten!O12,"–") -> 0.18 | L12: =IFERROR(Rohdaten!C12*100/Rohdaten!P12,"–") -> 1500 | M12: =IFERROR(Rohdaten!C12*100/Rohdaten!Q12,"–") -> 1125 | N12: =IFERROR(Rohdaten!C12*100/Rohdaten!R12,"–") -> 150 | O12: =IFERROR(Rohdaten!C12*100/Rohdaten!S12,"–") -> 600 | P12: =IFERROR(Rohdaten!C12*100/Rohdaten!T12,"–") -> 1.125 | Q12: =IFERROR(Rohdaten!C12*100/Rohdaten!U12,"–") -> – | R12: =IFERROR(Rohdaten!C12*100/Rohdaten!V12,"–") -> 0.9 | S12: =IFERROR(Rohdaten!C12*100/Rohdaten!W12,"–") -> 90 | T12: =IFERROR(Rohdaten!C12*100/Rohdaten!X12,"–") -> 3.6 | U12: =IFERROR(Rohdaten!C12*100/Rohdaten!Y12,"–") -> 225 | V12: =IFERROR(Rohdaten!C12*100/Rohdaten!Z12,"–") -> 0.3
A13: =Rohdaten!A13 -> Karotten (Möhren) | B13: =Rohdaten!C13 -> 0.1 | C13: =IFERROR(Rohdaten!C13*100/Rohdaten!G13,"–") -> 0.24390244 | D13: =IFERROR(Rohdaten!C13*100/(Rohdaten!H13*9),"–") -> 5.5555556 | E13: =IFERROR(Rohdaten!C13*100/(Rohdaten!I13*4),"–") -> 2.7777778 | F13: =IFERROR(Rohdaten!C13*100/(Rohdaten!J13*4),"–") -> 0.25 | G13: =IFERROR(Rohdaten!C13*100/Rohdaten!K13,"–") -> 0.011976048 | H13: =IFERROR(Rohdaten!C13*100/Rohdaten!L13,"–") -> 1.6666667 | I13: =IFERROR(Rohdaten!C13*100/Rohdaten!M13,"–") -> – | J13: =IFERROR(Rohdaten!C13*100/Rohdaten!N13,"–") -> 14.285714 | K13: =IFERROR(Rohdaten!C13*100/Rohdaten!O13,"–") -> 0.76923077 | L13: =IFERROR(Rohdaten!C13*100/Rohdaten!P13,"–") -> 142.85714 | M13: =IFERROR(Rohdaten!C13*100/Rohdaten!Q13,"–") -> 166.66667 | N13: =IFERROR(Rohdaten!C13*100/Rohdaten!R13,"–") -> 10 | O13: =IFERROR(Rohdaten!C13*100/Rohdaten!S13,"–") -> 100 | P13: =IFERROR(Rohdaten!C13*100/Rohdaten!T13,"–") -> 0.52631579 | Q13: =IFERROR(Rohdaten!C13*100/Rohdaten!U13,"–") -> – | R13: =IFERROR(Rohdaten!C13*100/Rohdaten!V13,"–") -> 0.3030303 | S13: =IFERROR(Rohdaten!C13*100/Rohdaten!W13,"–") -> 33.333333 | T13: =IFERROR(Rohdaten!C13*100/Rohdaten!X13,"–") -> 0.83333333 | U13: =IFERROR(Rohdaten!C13*100/Rohdaten!Y13,"–") -> 50 | V13: =IFERROR(Rohdaten!C13*100/Rohdaten!Z13,"–") -> 0.03125
... A421: =Rohdaten!A421 -> Pilze, getrocknet (Mix) | B421: =Rohdaten!C421 -> 3.5 | C421: =IFERROR(Rohdaten!C421*100/Rohdaten!G421,"–") -> 1.2323944 | D421: =IFERROR(Rohdaten!C421*100/(Rohdaten!H421*9),"–") -> 12.962963 | E421: =IFERROR(Rohdaten!C421*100/(Rohdaten!I421*4),"–") -> 2.9166667 | F421: =IFERROR(Rohdaten!C421*100/(Rohdaten!J421*4),"–") -> 1.6826923 | G421: =IFERROR(Rohdaten!C421*100/Rohdaten!K421,"–") -> – | H421: =IFERROR(Rohdaten!C421*100/Rohdaten!L421,"–") -> – | I421: =IFERROR(Rohdaten!C421*100/Rohdaten!M421,"–") -> 116.66667 | J421: =IFERROR(Rohdaten!C421*100/Rohdaten!N421,"–") -> 3500 | K421: =IFERROR(Rohdaten!C421*100/Rohdaten!O421,"–") -> – | L421: =IFERROR(Rohdaten!C421*100/Rohdaten!P421,"–") -> 1166.6667 | M421: =IFERROR(Rohdaten!C421*100/Rohdaten!Q421,"–") -> 233.33333 | N421: =IFERROR(Rohdaten!C421*100/Rohdaten!R421,"–") -> 11.666667 | O421: =IFERROR(Rohdaten!C421*100/Rohdaten!S421,"–") -> 700 | P421: =IFERROR(Rohdaten!C421*100/Rohdaten!T421,"–") -> 7 | Q421: =IFERROR(Rohdaten!C421*100/Rohdaten!U421,"–") -> – | R421: =IFERROR(Rohdaten!C421*100/Rohdaten!V421,"–") -> 17.5 | S421: =IFERROR(Rohdaten!C421*100/Rohdaten!W421,"–") -> 35 | T421: =IFERROR(Rohdaten!C421*100/Rohdaten!X421,"–") -> 4.375 | U421: =IFERROR(Rohdaten!C421*100/Rohdaten!Y421,"–") -> 70 | V421: =IFERROR(Rohdaten!C421*100/Rohdaten!Z421,"–") -> 0.175

Sheet Methodik & Quellen
A1: Methodik & Quellen – CO2-Rucksack von Lebensmitteln
A3: 0. Umfang dieser Version (420 Lebensmittel)
A4: Diese Tabelle wurde von 44 auf 420 Lebensmittel erweitert. Davon stammen 185 aus direkt ausgewerteten Primärquellen (177 aus der ifeu-Studie 2020 "Ökologische Fußabdrücke von Lebensmitteln und Gerichten in Deutschland", vermittelt über die Quellenliste des CO2-Rechners der hessischen Umweltverwaltung HLNUG, sowie 8 aus den zuvor ausgewerteten ifeu-Studien 2013/Poore & Nemecek/Thünen-Institut). Die übrigen 235 Positionen (v.a. Kräuter/Gewürze, weiteres Obst/Gemüse, Fisch-/Fleischarten, Käsesorten, Getreide, Backwaren, Pilze) sind AUSDRÜCKLICH GESCHÄTZT: der CO2-Wert wurde in Analogie zu einem passenden, primär belegten Ankerwert derselben Kategorie abgeleitet (z.B. Walnüsse in Analogie zu Mandeln, Ente in Analogie zu Hähnchen/Schwein). Jede Zeile zeigt in Spalte G ('Hinweis'), ob es sich um eine ifeu-Primärquelle oder eine Schätzung handelt. 1.000 Lebensmittel wie ursprünglich gewünscht wurden in diesem Durchgang nicht erreicht – die einzeln geprüfte, gut belegte CO2-Forschung zu Lebensmitteln ist schlicht nicht so umfangreich; darüber hinaus zu gehen hätte die Qualität der Schätzungen weiter verwässert. Gerne erweitere ich in einem weiteren Schritt um weitere Kategorien (z.B. internationale/asiatische Zutaten, weitere Getränke), falls gewünscht.
A5: 1. CO2-Daten: Basiswert Deutschland/Saison vs. globaler Referenzwert
A6: Ab dieser Version wird zwischen einem globalen Referenzwert und einem für Deutschland bzw. die Saison angepassten Basiswert unterschieden. Nur der Deutschland/Saison-Wert (Blatt 'Rohdaten', Spalte C) fließt in die Berechnungen auf dem Blatt 'CO2 pro Nährstoff' ein.
A7: NEU: Bei Lebensmitteln mit mehreren realistisch unterscheidbaren Anbau- oder Haltungsvarianten (z.B. Tomaten aus beheiztem Gewächshaus vs. Folientunnel vs. Import) steht jede Variante als EIGENE ZEILE in der Tabelle, mit eigenem CO2-Wert – statt einer einzigen gemittelten Zeile. So lässt sich z.B. direkt vergleichen, wie stark sich die Wahl der Anbauart auf den CO2-Fußabdruck auswirkt, ohne dass diese Information in einem Durchschnittswert verloren geht. Betroffen sind: Tomaten (3 Varianten), Erdbeeren (2 Varianten), Schweinefleisch und Rindfleisch (je 1 zusätzliche Worst-Case-Variante bei Landnutzungsänderung durch Soja-Futter).
A8: Globale Referenzquelle: Poore, J., & Nemecek, T. (2018). "Reducing food's environmental impacts through producers and consumers." Science, 360(6392), 987-992. Aufbereitet von Our World in Data: https://ourworldindata.org/grapher/ghg-per-kg-poore (abgerufen 07.09.2026). Bei den neuen Anbau-/Haltungsvarianten (z.B. den 3 Tomaten-Zeilen) gibt es keine eigene globale Entsprechung; dort bleibt die Spalte D leer.
A9: Deutschland-spezifische Quellen, VOLLSTÄNDIG ausgewertet: ifeu – Institut für Energie- und Umweltforschung Heidelberg, "CO2-Fußabdruck und Umweltbilanz von Fleisch aus Baden-Württemberg" (2013, 60 Seiten) für Rind-/Schweinefleisch inkl. Landnutzungsänderungs-Szenarien; "CO2-Fußabdruck und weitere Umweltwirkungen von Gemüse aus Baden-Württemberg" (2013, 63 Seiten) für Tomaten (3 Anbausysteme), Eissalat und Weißkohl. Beide Studien vollständig gelesen und alle enthaltenen quantitativen CO2-Werte je Produktlinie in diese Tabelle übernommen. Für Milch: Thünen-Institut/Bayerische Landesanstalt für Landwirtschaft, diverse Studien zu Treibhausgas-Fußabdrücken deutscher Milchviehbetriebe. Journalistisch aufbereitete Sekundärquellen nur noch für Erdbeeren (utopia.de, greenya.de, sevencooks.com), da diese NICHT Teil der ifeu-Gemüsestudie sind – dort deutlich weniger belastbar als bei Tomaten/Eissalat/Weißkohl.
A10: WICHTIGER BEFUND zur Saisonalität (Tomaten): 'Regional' ist nicht automatisch klimafreundlicher als 'importiert'. Tomaten aus deutschem beheiztem Gewächshaus verursachen laut ifeu im typischen Fall 3,0 kg CO2e/kg (Spanne 1,0–5,8) – der Heizenergiebedarf macht dabei ca. 80% der Emissionen aus. Tomaten aus unbeheiztem Folientunnel (regional, aber nur Juni–Oktober verfügbar) liegen bei nur 0,7 kg/kg. Importierte Tomaten aus Südspanien (unbeheizt) liegen mit ca. 0,4 kg/kg laut ifeu SOGAR UNTER der regionalen Folientunnel-Ware – selbst mit der klimafreundlichsten Gewächshausheizung (Holzhackschnitzel-BHKW) bleibt deutsches Gewächshausgemüse im Winter schlechter als spanischer Import trotz ~2.000 km Transportweg. Transport macht bei Gemüse nur einen kleinen Teil des Fußabdrucks aus.
A11: Bei Eissalat und Weißkohl ist die Situation anders: Hier ist regionaler Freilandanbau (0,6 bzw. 0,4 kg CO2e/kg) laut ifeu SELBST IM FRÜHJAHR mit Vliesabdeckung noch klimafreundlicher als spanischer Import, weil kein Gewächshaus mit Heizung benötigt wird.
A12: Bei Rindfleisch, Schweinefleisch und Milch liegen die deutschen Standard-Werte JEWEILS UNTER dem globalen Durchschnitt – weil die globalen Poore&Nemecek-Mittelwerte auch besonders emissionsintensive extensive Weidehaltungssysteme mit Waldrodung (v.a. Südamerika) einschließen. ABER: Wird das Kraftfutter (v.a. Sojaschrot) für deutsche Mastbetriebe auf Flächen mit Regenwald-Landnutzungsänderung angebaut, kehrt sich dieser Vorteil teilweise um – siehe die beiden neuen Landnutzungsänderungs-Zeilen (Schweinefleisch: 5→14 kg/kg, Rindfleisch: 14→21 kg/kg). Für Verbraucher ist diese Herkunft an der Ladentheke i.d.R. nicht erkennbar.
A13: Käse wurde mangels eigener deutscher Studie näherungsweise über das Deutschland/Global-Verhältnis von Milch abgeleitet (Faktor ≈0,41) – dies ist eine Schätzung, keine Primärmessung, und im Blatt 'Rohdaten' entsprechend gekennzeichnet.
... A34: Für den in der Web-App genutzten Zutat-1-Filter (Fett/Zucker-Obergrenze, siehe App-README) wurde eine Spalte 'Zucker je 100g' ergänzt. Da weder Poore & Nemecek noch die ifeu-Studien Zuckerwerte ausweisen, wurde der Zuckeranteil als Anteil an den bereits vorhandenen Kohlenhydraten (Spalte J) geschätzt, gestaffelt nach Lebensmittelkategorie (z.B. Obst ca. 65-85%, Milch/Joghurt ca. 90-95% [Laktose], Brot/Nudeln/Reis/Kartoffeln ca. 1-5%, Fleisch/Fisch/Öl ca. 0%, Süßwaren/Honig ca. 85-98%). Stichproben gegen bekannte Tabellenwerte (Apfel, Milch, Honig, Kartoffeln) lagen nah an realen Werten. Wie bei allen Tier-2-Schätzungen gilt: Größenordnung verlässlich, keine Laboranalyse.
